<?xml version="1.0" encoding="UTF-8"?>
<configuration scan="true" scanPeriod=" 5 seconds" debug="false">

    <!-- 定义变量 -->
    <property name="log.path" value="/data/logs/forum-java"/>
    <property name="log.level" value="info"/>
    <property name="log.pattern" value="%d{yyyy-MM-dd HH:mm:ss.SSS} [%-4relative:%thread] %-5level %logger{56} - %msg%n" />
    <property name="max.day" value="20"/>
    <property name="max.size" value="100mb" />

    <!-- 控制台输出 -->
    <appender name="stdout" class="ch.qos.logback.core.ConsoleAppender">
        <encoder>
            <pattern>${log.pattern}</pattern>
        </encoder>
    </appender>

    <!-- 业务日志 -->
    <appender name="forum-java" class="ch.qos.logback.core.rolling.RollingFileAppender">
        <File>${log.path}/forum-java.log</File>
        <encoder>
            <pattern>${log.pattern}</pattern>
        </encoder>
        <rollingPolicy class="ch.qos.logback.core.rolling.TimeBasedRollingPolicy">
            <fileNamePattern>${log.path}/%d{yyyy-MM-dd}/forum-java-%d{yyyy-MM-dd}-%i.log.gz</fileNamePattern>
            <timeBasedFileNamingAndTriggeringPolicy class="ch.qos.logback.core.rolling.SizeAndTimeBasedFNATP">
                <maxFileSize>${max.size}</maxFileSize>
            </timeBasedFileNamingAndTriggeringPolicy>
            <maxHistory>${max.day}</maxHistory>
        </rollingPolicy>
        <filter class="ch.qos.logback.classic.filter.ThresholdFilter">
            <level>${log.level}</level>
        </filter>
    </appender>

    <!-- controller 访问日志 -->
    <appender name="access" class="ch.qos.logback.core.rolling.RollingFileAppender">
        <File>${log.path}/access.log</File>
        <encoder>
            <pattern>${log.pattern}</pattern>
        </encoder>
        <rollingPolicy class="ch.qos.logback.core.rolling.TimeBasedRollingPolicy">
            <fileNamePattern>${log.path}/%d{yyyy-MM-dd}/access-%d{yyyy-MM-dd}-%i.log.gz</fileNamePattern>
            <timeBasedFileNamingAndTriggeringPolicy class="ch.qos.logback.core.rolling.SizeAndTimeBasedFNATP">
                <maxFileSize>${max.size}</maxFileSize>
            </timeBasedFileNamingAndTriggeringPolicy>
            <maxHistory>${max.day}</maxHistory>
        </rollingPolicy>
        <filter class="ch.qos.logback.classic.filter.ThresholdFilter">
            <level>${log.level}</level>
        </filter>
    </appender>

    <!-- 异常日志 -->
    <appender name="error" class="ch.qos.logback.core.rolling.RollingFileAppender">
        <File>${log.path}/error.log</File>
        <encoder>
            <pattern>${log.pattern}</pattern>
        </encoder>
        <rollingPolicy class="ch.qos.logback.core.rolling.TimeBasedRollingPolicy">
            <fileNamePattern>${log.path}/%d{yyyy-MM-dd}/error-%d{yyyy-MM-dd}-%i.log.gz</fileNamePattern>
            <timeBasedFileNamingAndTriggeringPolicy class="ch.qos.logback.core.rolling.SizeAndTimeBasedFNATP">
                <maxFileSize>${max.size}</maxFileSize>
            </timeBasedFileNamingAndTriggeringPolicy>
            <maxHistory>${max.day}</maxHistory>
        </rollingPolicy>
        <filter class="ch.qos.logback.classic.filter.LevelFilter">
            <level>ERROR</level>
            <onMatch>ACCEPT</onMatch>
            <onMismatch>DENY</onMismatch>
        </filter>
    </appender>

    <logger name="access" additivity="false">
        <appender-ref ref="stdout"/>
        <appender-ref ref="access"/>
        <appender-ref ref="error"/>
    </logger>

    <root level="info">
        <appender-ref ref="error"/>
        <appender-ref ref="stdout"/>
        <appender-ref ref="forum-java"/>
    </root>
</configuration>
